Generell svada;;;;;;
Gitt;en integrert;målsetting;synliggjøres;potensialet;innenfor rammen av;en samlet vurdering
Under hensyntagen til;en optimal;effekt;tas det høyde for;risikofaktorene;som en følge av;forholdene
I lys av;en sømløs;struktur;iverksettes;fokus;for så vidt gjelder;konseptet
Vedrørende;en implisitt;agenda;identifiseres;synergieffekten;med henblikk på;ressurssituasjonen
Grunnet;en proaktiv;tidshorisont;initieres;incitamentet;i forhold til;tilgjengeliggjøringen
I betraktning av;en betydelig;overveielse;lokaliseres;forankringen;hva angår;føringene
Forutsatt;en økt;mobilitet;kommuniseres;insentivene;parallelt med;evalueringen
Med utgangspunkt i;en vesentlig;treffsikkerhet;styrkes;innsatsen;i relasjon til;implementeringen
I forhold til;en ikke ubetydelig;innsats;realiseres;erfaringsutvekslingen;i tilknytning til;kjernevirksomheten
Sett hen til;en kostnadseffektiv;kvalitetssikring;effektueres;informasjonsflyten;på bakgrunn av;visjonen
I henhold til;en avtagende;problematikk;forankres;kriteriene;avhengig av;satsingsområdet
Med tanke på;en vedvarende;ressursbruk;maksimeres;strategien;hva gjelder;problemstillingen
Uavhengig av;en tiltagende;avveining;konkretiseres;økningen;eller sagt på en annen måte:;beskaffenheten
Sett på bakgrunn av;en gjeldende;avklaring;tilgjengeliggjøres;egenarten;på samme måte som;vesentligheten
Sammenholdt med;en helhetlig;implementering;utvides;tilstedeværelsen;i motsetning til;egenarten
På grunn av;en manglende;styringsinnsats;dokumenteres;oppfølgingen;innenfor;målområdet
Med hensyn til;en særlig;innovasjon;spores;resultatene;i tillegg til;verdiene
Under forutsetning av;en løpende;effektivisering;innhentes;kunnskapene;gjennom;realitetsorienteringen
Etter en totalvurdering av;en langsiktig;kvalitetsheving;revitaliseres;betydningen;ut fra;resultatoppnåelsen
Uten hensyn til;en bærekraftig;utvikling;stabiliseres;kompetansehevingen;med sikte på;behovene
Avhengig av;en resultatorientert;måloppnåelse;genereres;instrumentet;på tvers av;løsningen
På grunnlag av;en tverrfaglig;oppgaveløsning;stimuleres;scenarioet;på linje med;parametrene
I og med;en kommunikativ;arbeidsmodell;balanseres;spisskompetansen;utenom;ressursinnsatsen
Under henvisning til;en inkluderende;organisasjon;ivaretas;relasjonene;i forlengelsen av;konsekvensaspektet
;;;;;;
;;;;;;
Arkivsvada;;;;;;
Gitt;en strategisk;brukermedvirkning;dannes;bevaringsverdien;innenfor rammen av;fullelektronisk arkiv
Under hensyntagen til;en målrettet;politikk;utvikles;dokumentfangsten;som en følge av;resultatoppnåelsen
I lys av;en aktiv;applikasjonsportefølje;koordineres;informasjonen;for så vidt gjelder;den fremtidsrettede arkivutviklingen
Grunnet;en virksomhetskritisk;journalføringspraksis;prioriteres;funksjonen;i forhold til;kassasjonsplanen
I betraktning av;en velfungerende;innsynsløsning;implementeres;gjenfinningen;hva angår;etterspurt digitalt arkivinnhold 
Forutsatt;en kvalitetssikret;rapportmodul;etableres;kunnskapsbasen;parallelt med;erfaringsdelingen
Med utgangspunkt i;en relevant;servicegrad;forbedres;tilgjengeligheten;på tvers av;det digitale Norge
I forhold til;en oppdatert;Noarkstandard;avklares;klausuleringen;i tilknytning til;hele arkivsektoren
Sett hen til;en tilpasset;inngangsportal;samordnes;informasjonsmengden;med tanke på;fagsakene
I henhold til;en treffsikker;avleveringsrutine;effektiviseres;dokumentasjonen;avhengig av;innsatsfaktorene
Uavhengig av;en optimal;journalenhet;støttes;søkefunksjonen;med henblikk på;egenforvaltningssakene
Sett på bakgrunn av;en fremtidsrettet;graderingshjemmel;konkretiseres;ordningsprinsippet;i relasjon til ;den sømløse integrasjonen
På grunn av;en profilert;plattform;frigjøres;ressursene;innenfor;arkivbegrensningen
Med hensyn til;en premissgivende;kjerneprosess;analyseres;innsatsen;hva gjelder;arkivdelen
Etter en totalvurdering av;en positiv;kapasitet;adresseres;driften;ut fra;arkivlandskapet
Uten hensyn til;en foretrukket;deponering;stabiliseres;komplekset;med sikte på;handlingsrommet
På grunnlag av;en grundig;gjennomgang;utredes;visjonen;på linje med;lagringsformatene
Under henvisning til;en proaktiv;autentisering;moderniseres;proveniensprinsippet;i forlengelsen av;fagsystemene
;;;;;;
;;;;;;
Bistandssvada;;;;;;
Gitt;en strategisk;tidshorisont;forankres;potensialet;innenfor rammen av;administrasjonskostnadene
På grunnlag av ;en akutt;kriserespons;effektiviseres;synergiene;i forlengelsen av ;måloppnåelseshierarkiet
I lys av;en handlingsutløsende;helhetstanke;realitetsbehandles;direktoratsrammeverket;for så vidt gjelder;sikkerhetsvedtakene
Grunnet;en gjennomgående;integrasjonsprosess;konsekvensutredes;behovsorienteringen;i forhold til;donorrapporteringen
I betraktning av;en regional;evalueringsprosedyre;strømlinjeformes;innsamlingsaktivitetene;hva angår;fleksible personellressurser
Med utgangspunkt i;en detaljert;situasjonsanalyse;kanaliseres;informasjonsaktivitetene;på tvers av;matusikkerhetsvurderingene
I forhold til;en holistisk;byrdefordeling;inkorporeres ;deployeringene;i tilknytning til;frivillig repatriasjon
Sett hen til;en hensiktsmessig;tilskuddsordning;evalueres;beskyttelsesbehovet;på linje med ;Genevekonvensjonen
I henhold til;en utviklingspolitisk;evaluering;kapasitetsbygges ;informasjonsflyten;avhengig av;bærekraftsmålene 
Uavhengig av;en bilateral;sårbarhetsanalyse;krysskoordineres;talsmannsarbeidet;parallelt med;arven etter Fridtjof Nansen 
Sett på bakgrunn av;en resultatorientert;fluktkatalysator;operasjonaliseres;kjernekompetansene;utenom;folkerettslige prinsipper
Sammenholdt med;en sivil-militær;transparansepolicy;delfinansieres;tiltakene;i motsetning til;vårt felles verdigrunnlag
Under henvisning til;en rettighetsfremmende;programvirksomhet;kartlegges;prosjektene;innenfor;bistandsfaglig rådgiving
Med hensyn til;en prinsipiell;tillitsbygging;rettighetsbaseres;beslutningspåvirkningen;hva gjelder;institusjonelle donorer
Uten hensyn til;en menneskerettslig;infrastruktur;optimaliseres;sanitærsystemene;med sikte på;frie bistandsmidler
;;;;;;
;;;;;;
Forsikringssvada;;;;;;
Gitt;en plutselig;fornyelse;omfattes;fornyelsen;innenfor rammen av;oppgjøret
Under hensyntagen til;en uforutsett;risikovurdering;utstedes;forsikringsbehovet;som en følge av;husstanden
I lys av;en erstatningsmessig;forsikringstaker;iverksettes;vilkårene;under forutsetning av;årsakssammenhengen
Vedrørende;en kollektiv;egenandel;anvendes;oppsigelsen;med henblikk på;betingelsene
Grunnet;en indirekte;tariff;kommuniseres;angrefristen;i forhold til;opplysningsplikten
I betraktning av;en skadevoldende;sikkerhetsforskrift;Innebæres;tegningstidspunktet;hva angår;behovsgjennomgangen
Forutsatt;en særskilt;regress;tegnes;oppgjørsreglene;parallelt med;evalueringen
Med utgangspunkt i;en ansvarsbegrensende;reassuranse;styrkes;klagenemden;i relasjon til;utredningsforløpet
I forhold til;en inntruffet;utløpsdato;realiseres;vilkårstolkningen;i tilknytning til;kjernevirksomheten
Sett hen til;en forholdsmessig;begunstigelse;baseres;løsøre;på bakgrunn av;visjonen
I henhold til;en avvikende;helseerklæring;forankres;personopplysningene;avhengig av;satsingsområdet
Med tanke på;en prosentvis;dekningsgrad;optimaliseres;konsekvensendringen;hva gjelder;porteføljen
Uavhengig av;en juridisk;samlefaktura;konkretiseres;sviket;eller sagt på en annen måte:;lønnsomhetsmodellene
Sett på bakgrunn av;en årlig;premie;meldes;flytteretten;på samme måte som;distribusjonskanalene
Sammenholdt med;en ervervsmessig;indeksjustering;utvides;erstatningsansvaret;i motsetning til;avkortningen
På grunn av;en bindende;rabatt;dokumenteres;segmentene;innenfor;takstmennene
Med hensyn til;en prosessorientert;forutsetning;utredes;skadeskjemaene;i tillegg til;kjerneverdiene
Under forutsetning av;en systemmessig;panthaver;innhentes;forsikrede;gjennom;skadeprosenten
Etter en totalvurdering av;en skriftlig;sikkerhetsrabatt;ivaretas;premieberegningsgrunnlaget;ut fra;tilleggsdekningen
Uten hensyn til;en tilpasningsdyktig;skjønnsvurdering;utløses;bonusbestemmelsene;med sikte på;bransjestandarden
Avhengig av;en sesongvariert;skadetakst;stabiliseres;hovedforfallet;på tvers av;løsningssporet
På grunnlag av;en gjennomsnittlig;bygningsdel;påvirkes;rammebetingelsene;på linje med;tariffparametrene
I og med;en skademessig;forsikringstaker;avtales;unntaksreglene;utenom;markedsandelene
Under henvisning til;en trendsettende;purrerutine;synliggjøres;kompensasjonen;i forlengelsen av;konsekvensaspektet
;;;;;;
;;;;;;
Forsvarssvada;;;;;;
Under henvisning til;en effektbasert;avdelingskultur;realiseres;sluttilstanden;utenom;operasjonen
På grunnlag av;en operativ;doktrine;omsettes;hensikten;i forlengelsen av;kommandonivået
Med bakrunn i;en fellesoperativ;kommando;implementeres;virkefeltet;innenfor;kampanjeplanen
Gitt;en militærstrategisk;operasjonsdimensjon;reflekteres;samvirket;i utnyttelsen av;profesjonen
Avhengig av;en taktisk;manøver;utvikles;kommandokjeden;ut fra;forsvarsgrenen
Sett i lys av;en stridsteknisk;samhandling;kjennetegnes;avskrekkingseffekten;ut over;våpengrenen
Uten hensyn til;en dynamisk;konflikt;sammenfattes;synergieffekten;på tvers av;alliansen
I og med;en konvensjonell;krigføring;iverksettes;friksjonen;i tilknytning til;kjerneverdiene
Etter en totalvurdering av;en ukonvensjonell;maktbruk;avgjøres;planverket;i forbindelse med;konseptutviklingen
Under analysen av;en fredsbevarende;styrkemultiplikator;tilpasses;styrkebidraget;med hensyn til ;militærmakten
I kontrollen av;en tverrsektoriell;interoperabilitet;operasjonaliseres;virkemiddelet;gjennom;krigens natur
I arbeidet med;en overordnet;konfliktintensitet;påvirkes;lendevurderingen;med basis i ;handlingsrommet
Under forutsetning av;en nødvendig;konflikthåndtering;identifiseres;fiendevurderingen;til støtte for;deployeringen
Sammenholdt med;en offensiv;avskrekking;organiseres;stridsfeltet;ved bruk av;operasjonsområdet
Sett hen til;en defensiv;myndighetsutøvelse;fastsettes;evnen;på linje med;styrkedisponeringen
Etter etablering av;en desentralisert;prosessavhengighet;styrkes;stridsevnen;parallellt med;langtidsplanen
Grunnet;en oppdragsbasert;beredskap;koordineres;innsatsmidlet;i relasjon til;sikkerhetspolitikken
Vedrørende;en maritim;kraftsamling;bevisstgjøres;situasjonsforståelsen;i forhold til ;oppdragsorganiseringen
Forutsatt;en spesialisert;ressursbruk;forsterkes;schwerpunktet;i motsetning til;totalforsvaret
Etter planlegging av;en indirekte;beslutningsevne;fokuseres;trusselbildet;i tillegg til;feltfunksjonen
Ved bruk av;en sentralisert;handlekraft;samordnes;uttaket;innenfor rammen av;brigadestrukturen
;;;;;;
;;;;;;
Helseadministrativ svada;;;;;;
Gitt;en forskningsbasert;målsetting;synliggjøres;forebyggingspotensialet;innenfor rammen av;sykehussammenslåingen
Under hensyntagen til;en optimal;detaljering;overstyres;helserisikoen;som en følge av;DRG-produksjonen
I lys av;en sømløs;struktur;iverksettes;helseministerens standpunkt;for så vidt gjelder;rehabiliteringsprosjekt
Vedrørende;en pasientorientert;agenda;identifiseres;samhandlingsarenaene;med henblikk på;styringsmodellen
Grunnet;en proaktiv;tidshorisont;initieres;brukerrepresentasjonen;i forhold til;leveransekonsept
I betraktning av;en betydelig;optimalisering;lokaliseres;kunnskapsforankringen;hva angår;IA-arbeidet
Forutsatt;en tverrfaglig;mobilitet;kommuniseres;statsekretærens vurdering;parallelt med;nasjonale helsemål
Med utgangspunkt i;en vesentlig;treffsikkerhet;styrkes;HR-direktørens beslutning;i relasjon til;turnusforskriften
I forhold til;en helsepolitisk;innsats;realiseres;brukertilfredsheten;i tilknytning til;utfordringsrommet
Sett hen til;en kostnadseffektiv;kvalitetssikring;effektueres;helseinformasjonsflyten;på bakgrunn av;helsevisjonene
I henhold til;en avtagende;problematikk;forankres;samhandlingspotensialet;avhengig av;rekrutteringsutfordringene
Med tanke på;en vedvarende;ressursbruk;maksimeres;økonomisjefens målhorisont;hva gjelder;feilbehandlingen
Uavhengig av;en tiltagende;omstilling;konkretiseres;sykehusdirektørens visjon;koordinert med;tilsynsrapporten
Sett på bakgrunn av;en helsefaglig;avklaring;tilgjengeliggjøres;helsegevinsten;på samme måte som;omstillingsprosessen
Sammenholdt med;en helhetlig;implementering;utvides;helseutfordringene;i motsetning til;leveransekonseptet
På grunn av;en manglende;styringsinnsats;dokumenteres;helseproduksjonen;innenfor;innsatsfokuseringen
Med hensyn til;en særlig;innovasjon;spores;fastlegenes produksjonsevne;i tillegg til;helseforetaket
Under forutsetning av;en løpende;forventningsjustering;innhentes;rehabiliteringspotensialet;gjennom;ventelisteskandalene
Etter en totalvurdering av;en langsiktig;orientering;adresseres;samhandlingskompetansen;ut fra;tjenesteintegreringen
Uten hensyn til;en bærekraftig;utvikling;stabiliseres;forsvarlighetskravene;med sikte på;kjernevirksomheten
Avhengig av;en resultatorientert;målhorisont;genereres;samhandlingskoordineringen;på tvers av;pasientsskadeerstatningen
På grunnlag av;en tverrfaglig;arena;stimuleres;avviksmeldingene;på linje med;kvalitetsarbeidet
I og med;en kunnskapsbasert;synergi;balanseres;fagkoordineringen;utenom;systemsvikten
Under henvisning til;en inkluderende;avstemning;ivaretas;helseproblematikken;i forlengelsen av;helsereformene
;;;;;;
;;;;;;
Klimasvada;;;;;;
Under henvisning til;en energibasert;klimaforståelse;realiseres;ressursbruken;utenom;vår felles fremtid
På grunnlag av;en helhetlig;klimaskepsis;koordineres;hensikten;i forlengelsen av;våre endelige mål
Gitt;en ambisiøs;klimaløsning;reflekteres;aktiviteten;rundt;målet om jordens redning
Forutsatt;en strategisk;klimakvoteallianse;utvikles;energikravet;innenfor rammen av;naturens tålegrense
Avhengig av;en taktisk;klimakamp;kjennetegnes;oppvarmingen;ut fra;fremtidsvisjonen
Sett i lys av;en bærekraftig;klimafornektelse;fokuseres;skremmeeffekten;ut over;fremtidstrusselen
Med hensyn til;en dynamisk;klimareaksjon;sammenfattes;synergieffekten;på tvers av;det grønne skiftet
I og med;en konvensjonell;klimastrategi;iverksettes;motstanden;i tilknytning til;kjerneverdiene
Etter en totalvurdering av;en ukonvensjonell;klimaberedskap;tilpasses;Paris-vedtaket;i motsetning til;teknologisatsingen
Under analysen av;en tverrsektoriell;klimabevissthet;operasjonaliseres;miljøbidraget;proporsjonalt med;pengemakten
Etter etablering av;en global;klimakvotedisponering;påvirkes;situasjonsforståelsen;gjennom;langtidsplanen
I arbeidet med;en maritim;klimabevissthet;identifiseres;handlingsrommet;med basis i;utslippsmålene
Under forutsetning av;en offensiv;klimaendring;organiseres;tyngdepunktet;til støtte for;hensynet til våre barn
Sammenholdt med;en robust;klimarealisme;fastsettes;kompromissene;parallelt med;hensynet til våre etterkommere
Etter planlegging av;en karbonnøytral;klimadialog;styrkes;kraftsamlingen;i relasjon til;forhandlingsresultatet
Sett hen til;en spesialisert;klimadebatt;samordnes;innsatsorganiseringen;i tillegg til;løsningen
Med tanke på;en internasjonal;klimaavtale;reduseres;energimultiplikatoren;på linje med;utslippsreduksjonen
I forhold til;en forpliktende;klimadialog;synkroniseres;virkemiddelet;etter;togradersmålet
;;;;;;
;;;;;;
Plan- og byggesvada;;;;;;
Gitt;en representativ;beskrivelse;dokumenteres;visualiseringen;innenfor rammen av;kommunepolitikken
I lys av;en implisitt;gjengivelse;ivaretas;byggesøknaden;i motsetning til;samordningsplikten
Med bakgrunn i;en konkret;søknad;utredes;materialiteten;i tillegg til;saksbehandlingstiden
I forhold til;en feilaktig;skjemautfylling;fastslås;beskaffenheten;gjennom;tiltakshaveren
Sett hen til;en faktisk;råderett;meldes;kontrollerklæringen;parallelt med;dispensasjonssøknaden
I og med;en nødvendig;nabovarsling;konkluderes;søknadsprosessen;i forhold til;reguleringsplanen
Ifølge;en transparent;klagebehandling;betviles;vedtaksbegrunnelsen;på basis av;kartgrunnlaget
Sammenliknet med;en langsiktig;saksbehandling;oppleves;forføyningen;innenfor;hjemmelsgrunnlaget
Ut fra;en bærekraftig;samhandling;betraktes;gjennomføringsplanen;inn mot;planvedtaket
Uavhengig av;en representativ;prosessavklaring;estimeres;ansvarsbelegningen;med henblikk på;ansvarsretten
Basert på;en kvalitativ;konkretisering;bedømmes;tiltaket;ved hjelp av;prosjekteringen
Vedrørende;en fokusert;innvilgelse;anbefales;igangsettingstillatelsen;på linje med;planforslaget
Under henvisning til;en klanderverdig;kvalitetsbedømming;forhåndsvurderes;ferdigattesten;på tvers av;grunnboken
Grunnet;en arkitekturbasert;ulempebetraktning;avklares;kvaliteten;knyttet til;planbestemmelsen
Tatt i betraktning;en systematisk;delingstillatelse;preaksepteres;dispensasjonen;som en følge av;arealbruken
Forutsatt;en velforankret;realitetsbehandling;fastsettes;samsvarserklæringen;begrunnet i;statlig arealplan
Uten hensyn til;en vesentlig;arealoverføring;forankres;oppføringen;i kraft av;tomtefestelova
Med sikte på;en midlertidig;godkjennelse;utløses;rammetillatelsen;på tross av;reguleringsbestemmelsen
Sett ut fra;en kvalifisert;omregulering;samordnes;fasadeendringen;i relasjon til;ansvarsretten
På grunnlag av;en frittliggende;oppmålingsforretning;vurderes;terrenginngrepet;i overensstemmelse med;tvingende sikkerhetshensyn
I tilfelle;en flerkjernet;restanse;hensyntas;planperspektivet;opp mot;byformstrategien
Angjeldende;en landskapsmessig;styringsindikator;avstemmes;gate- og byromsstrukturen;relatert til;seksjoneringsvedtaket
I forbindelse med;en robust;punktutdypning;besiktiges;romligheten;i forhold til;boligfrekvensen
Jamfør;en utoverrettet;milepæl ;detaljjusteres;gesimshøyden;i tilknytning til;loftsutbyggingen
I forhold til;en risikomessig;forankring;besiktiges;omgivelsesproduksjonen;rundt;hovedformålet
Med henblikk på;en de facto;kompensasjonsstrøm;vesentliggjøres;bunnkartleggingen;henimot;refraksjonsmålingene
I bakkant av;en refraksjonsseismisk;måling;tilgjengeliggjøres;kontraktsbestemmelsen;i samsvar med;pålegget
Med utgangspunkt i;en særskilt;hensynssone;reguleres;byveven;med henvisning til;gjeldende gebyrregulativ
Med ryggdekning i;en kvalitetssikret;matrikkelføring;erverves;grøntdraget;i henhold til;blågrønnstrukturen
;;;;;;
;;;;;;
Svada for Mattilsynet;;;;;;
Under hensyntagen til;en helhetlig;fiskehelseprioritering;støttes;"eksportattestutstedelsen
";som en følge av;budsjettdisponeringen
I lys av;en skjermet ;fremmedstoffkartlegging;ivaretas;opplæringsgrunnlaget;for så vidt gjelder;kjerneprosessene
Sammenholdt med;en forutsigbar;kravspesifikasjon;styrkes;risikovurderingen;med henblikk på;alminnelig sakshåndtering
I betraktning av; en velfungerende;"smittestoffberedskap
";forankres;de interregionale fagforaene ;på linje med ;helkjedetankegangen
Forutsatt;en global;kunnskapsstøtte;standardiseres;gevinstrealiseringen ;parallelt med;"tilsynsutøvelsen
"
Med utgangspunkt i;en tilgjengelig;biproduktveileder;effektueres;dokumentkontrollen;i relasjon til;det overordnede samfunnsoppdraget
I forhold til;en någjeldende;regelverksetterlevelse;forutsettes;"forholdsmessighetsprinsippet
";i tilknytning til;"årshjulet
"
Sett hen til;en nasjonal;bransjestandard;håndteres;HMS-perspektivet ;på bakgrunn av;tverrfagligheten
I henhold til;en avgrenset;"vedtaksfastsettelse
";"harmoniseres
";samhandlingsgrunnlaget;gjennom;forbedringsportalen 
Med tanke på;en automatisert;kjøttkontrollenhet;"integreres
";vurderingene;med sikte på;etatsrevisjonen
Uavhengig av;en langsiktig;"drikkevannsforvaltning
";oppdateres;situasjonskartet ;innenfor;tilsynsaktiviteteene
Sett på bakgrunn av;en konsensusbasert;dyrevelferdsanalyse;generaliseres;føringene ;ut fra;digitaliseringsinitiativet
Under henvisning til;en strategisk;tiltaksbeskrivelse;fremmes;sporbarheten;i forlengelsen av;fokusområdene
;;;;;;
;;;;;;
Universitets- og høgskolesvada;;;;;;
Under hensyntagen til;en robust;UH-sektor;evalueres;retningslinjene;som en følge av;et mulig tillegg til basisfinansieringen
I lys av;en tverrfakultær;forskningssektor;understøttes;KDs oppgaver;for så vidt gjelder;et likeverdig offentlig tjenestetilbud
Grunnet;en tverrfaglig;kommersialiseringsprosess;integreres;NOKUTs rapporter;i forhold til;et fremtidig velferdssamfunn
I betraktning av;en profesjonsorientert;utdanningssektor;styrkes;innsatsen;hva angår;klare interne føringer
Forutsatt;en regional;kunnskapsanvendelse;fokuseres;målbare indikatorer;parallelt med;SAK-arbeidet
Med utgangspunkt i;en internasjonal;samarbeidsarena;kompenseres;studentmassen;på tvers av;tydelig næringslivsforankring
I forhold til;en desentralisert;kunnskapssektor;tildeles;nødvendige kvalifikasjoner;i tilknytning til;tydelig profilering og differensiering
Sett hen til;en intensiv;entreprenørskapssatsing;stimuleres;incentiver;innenfor rammen av;fremtidens utfordringer
I henhold til;en faktabasert;kunnskapsberedskap;involveres;fusjonene;utenfor;den overordnede forskningspolitiske målsettingen
Uavhengig av;en stabil;kunnskapsforvaltning;restruktureres;virkemidlene;med henblikk på;et omstillingsdyktig næringsliv
Sett på bakgrunn av;en attraktiv;verdiskapingsprosess;måles;satsingsområdet;utenom;en forutsigbar langtidsplan
Sammenholdt med;en strategisk;kunnskapsflyt;administreres;globalisering;i motsetning til;en bedre dimensjonering av utdanningsløpet
På grunn av;en bærekraftig;kjønnsbalanse;fremmes;samspill;innenfor;et forhåndsdefinert læringsutbytte
Med hensyn til;en kompetent;innovasjonsmodell;prioriteres;nettverket;hva gjelder;en mer effektiv og hensiktsmessig ressursbruk
Under forutsetning av;en mangfoldig;budsjetteringsramme;fornyes;prosjekter;gjennom;institusjonsspesifikke styringsparametre
Etter en totalvurdering av;en helhetlig;humankapital;kommuniseres;høye ambisjoner;ut fra;bedre statlig styring
;;;;;;
;;;;;;
;;;;;;
;;;;;;
;;;;;;
;;;;;;
;;;;;;
;;;;;;
;;;;;;
;;;;;;
;;;;;;
;;;;;;
;;;;;;
;;;;;;
;;;;;;
;;;;;;
;;;;;;
;;;;;;
;;;;;;
;;;;;;
;;;;;;
;;;;;;